sex,age_month,L,M,S
1,0,1,49.8842,0.03795
1,1,1,54.7244,0.03557
1,2,1,58.4249,0.03424
1,3,1,61.4292,0.03328
1,4,1,63.886,0.03257
1,5,1,65.9026,0.03204
1,6,1,67.6236,0.03165
1,7,1,69.1645,0.03139
1,8,1,70.5994,0.03124
1,9,1,71.9687,0.03117
1,10,1,73.2812,0.03118
1,11,1,74.5388,0.03125
1,12,1,75.7488,0.03137
1,13,1,76.9186,0.03154
1,14,1,78.0497,0.03174
1,15,1,79.1458,0.03197
1,16,1,80.2113,0.03222
1,17,1,81.2487,0.0325
1,18,1,82.2587,0.03279
1,19,1,83.2418,0.0331
1,20,1,84.1996,0.03342
1,21,1,85.1348,0.03376
1,22,1,86.0477,0.0341
1,23,1,86.941,0.03445
1,24,1,87.1161,0.03507
1,25,1,87.972,0.03542
1,26,1,88.8065,0.03576
1,27,1,89.6197,0.0361
1,28,1,90.412,0.03642
1,29,1,91.1828,0.03674
1,30,1,91.9327,0.03704
1,31,1,92.6631,0.03733
1,32,1,93.3753,0.03761
1,33,1,94.0711,0.03787
1,34,1,94.7532,0.03812
1,35,1,95.4236,0.03836
1,36,1,96.0835,0.03858
1,37,1,96.7337,0.03879
1,38,1,97.3749,0.039
1,39,1,98.0073,0.03919
1,40,1,98.631,0.03937
1,41,1,99.2459,0.03954
1,42,1,99.8515,0.03971
1,43,1,100.4485,0.03986
1,44,1,101.0374,0.04002
1,45,1,101.6186,0.04016
1,46,1,102.1933,0.04031
1,47,1,102.7625,0.04045
1,48,1,103.3273,0.04059
1,49,1,103.8886,0.04073
1,50,1,104.4473,0.04086
1,51,1,105.0041,0.041
1,52,1,105.5596,0.04113
1,53,1,106.1138,0.04126
1,54,1,106.6668,0.04139
1,55,1,107.2188,0.04152
1,56,1,107.7697,0.04165
1,57,1,108.3198,0.04177
1,58,1,108.8689,0.0419
1,59,1,109.417,0.04202
1,60,1,109.9638,0.04214
2,0,1,49.1477,0.0379
2,1,1,53.6872,0.0364
2,2,1,57.0673,0.03568
2,3,1,59.8029,0.0352
2,4,1,62.0899,0.03486
2,5,1,64.0301,0.03463
2,6,1,65.7311,0.03448
2,7,1,67.2873,0.03441
2,8,1,68.7498,0.0344
2,9,1,70.1435,0.03444
2,10,1,71.4818,0.03452
2,11,1,72.771,0.03464
2,12,1,74.015,0.03479
2,13,1,75.2176,0.03496
2,14,1,76.3817,0.03514
2,15,1,77.5099,0.03534
2,16,1,78.6055,0.03555
2,17,1,79.671,0.03576
2,18,1,80.7079,0.03598
2,19,1,81.7182,0.0362
2,20,1,82.7036,0.03643
2,21,1,83.6654,0.03666
2,22,1,84.604,0.03688
2,23,1,85.5202,0.03711
2,24,1,85.7153,0.03764
2,25,1,86.5904,0.03786
2,26,1,87.4462,0.03808
2,27,1,88.283,0.0383
2,28,1,89.1004,0.03851
2,29,1,89.8991,0.03872
2,30,1,90.6797,0.03893
2,31,1,91.443,0.03913
2,32,1,92.1906,0.03933
2,33,1,92.9239,0.03952
2,34,1,93.6444,0.03971
2,35,1,94.3533,0.03989
2,36,1,95.0515,0.04006
2,37,1,95.7399,0.04024
2,38,1,96.4187,0.04041
2,39,1,97.0885,0.04057
2,40,1,97.7493,0.04073
2,41,1,98.4015,0.04089
2,42,1,99.0448,0.04105
2,43,1,99.6795,0.0412
2,44,1,100.3058,0.04135
2,45,1,100.9238,0.0415
2,46,1,101.5337,0.04164
2,47,1,102.136,0.04179
2,48,1,102.7312,0.04193
2,49,1,103.3197,0.04206
2,50,1,103.9021,0.0422
2,51,1,104.4786,0.04233
2,52,1,105.0494,0.04246
2,53,1,105.6148,0.04259
2,54,1,106.1748,0.04272
2,55,1,106.7295,0.04285
2,56,1,107.2788,0.04298
2,57,1,107.8227,0.0431
2,58,1,108.3613,0.04322
2,59,1,108.8948,0.04334
2,60,1,109.4233,0.04347
